timestamp,open,high,low,close,volume
1735776000000,2623.655,2623.905,2622.448,2622.828,0.04269
1735776060000,2622.828,2623.348,2622.824,2623.048,0.01362
1735776120000,2623.148,2623.548,2622.804,2622.924,0.01617
1735776180000,2622.958,2623.448,2622.934,2623.248,0.01527
1735776240000,2623.248,2623.475,2622.735,2622.765,0.01965
1735776300000,2622.685,2623.998,2622.675,2623.998,0.02712
1735776360000,2623.998,2624.098,2623.895,2623.925,0.00924
1735776420000,2623.915,2624.025,2623.895,2624.015,0.00906
1735776480000,2623.798,2624.325,2623.798,2624.325,0.00936
1735776540000,2624.315,2625.305,2624.315,2625.305,0.01821
1735776600000,2625.315,2625.495,2625.235,2625.265,0.02343
1735776660000,2625.235,2625.505,2625.005,2625.305,0.03198
1735776720000,2625.345,2625.998,2625.298,2625.898,0.02499
1735776780000,2625.905,2626.005,2625.625,2625.625,0.01374
1735776840000,2625.605,2625.705,2625.505,2625.525,0.0108
1735776900000,2625.525,2625.598,2625.025,2625.098,0.02298
1735776960000,2625.198,2625.235,2625.015,2625.015,0.0126
1735777020000,2625.098,2625.405,2625.005,2625.405,0.01905
1735777080000,2625.405,2625.505,2625.198,2625.505,0.01368
1735777140000,2625.505,2625.505,2625.005,2625.405,0.0291
1735777200000,2625.405,2625.655,2625.365,2625.655,0.01341
1735777260000,2625.625,2625.625,2625.365,2625.405,0.01515
1735777320000,2625.375,2626.105,2625.278,2626.105,0.02391
1735777380000,2626.105,2626.198,2625.895,2626.198,0.01398
1735777440000,2626.185,2626.305,2625.955,2625.965,0.01542
1735777500000,2625.965,2626.005,2625.898,2626.005,0.01371
1735777560000,2626.035,2626.055,2625.505,2625.625,0.02601
1735777620000,2625.605,2625.905,2625.605,2625.845,0.01668
1735777680000,2625.828,2626.038,2625.735,2626.005,0.01587
1735777740000,2626.008,2626.205,2626.005,2626.108,0.01062
1735777800000,2626.105,2626.105,2625.855,2625.975,0.0291
1735777860000,2625.925,2625.955,2625.665,2625.755,0.02442
1735777920000,2625.745,2626.205,2625.745,2626.125,0.01668
1735777980000,2626.025,2626.025,2625.235,2625.685,0.0303
1735778040000,2625.685,2625.725,2625.455,2625.505,0.01155
1735778100000,2625.535,2625.635,2625.435,2625.635,0.01164
1735778160000,2625.655,2625.845,2625.655,2625.725,0.01794
1735778220000,2625.735,2625.965,2625.635,2625.945,0.0126
1735778280000,2625.998,2626.235,2625.925,2626.025,0.01539
1735778340000,2626.055,2626.135,2625.895,2626.115,0.01665
1735778400000,2626.205,2626.205,2625.925,2625.945,0.00855
1735778460000,2625.998,2626.015,2625.998,2626.005,0.00204
1735778520000,2626.005,2626.515,2625.998,2626.498,0.0138
1735778580000,2626.598,2627.105,2626.598,2627.105,0.01878
1735778640000,2627.105,2627.325,2626.758,2626.788,0.02892
1735778700000,2626.788,2626.938,2626.708,2626.808,0.02169
1735778760000,2626.808,2627.145,2626.788,2626.985,0.03051
1735778820000,2627.048,2627.575,2627.048,2627.308,0.02634
1735778880000,2627.308,2627.765,2627.268,2627.305,0.02269
1735778940000,2627.325,2627.365,2626.695,2626.695,0.02166
1735779000000,2626.715,2627.255,2626.695,2627.135,0.0168
1735779060000,2627.135,2627.135,2626.555,2626.555,0.01488
1735779120000,2626.565,2626.825,2626.334,2626.798,0.02262
1735779180000,2626.798,2626.898,2626.598,2626.848,0.01833
1735779240000,2626.848,2626.848,2626.435,2626.565,0.01896
1735779300000,2626.555,2626.775,2626.514,2626.535,0.03651
1735779360000,2626.545,2626.565,2625.985,2626.125,0.04864
1735779420000,2626.085,2626.225,2625.885,2625.905,0.0315
1735779480000,2625.884,2625.924,2625.695,2625.845,0.03867
1735779540000,2625.855,2626.095,2625.155,2625.185,0.07792
1735779600000,2625.185,2625.205,2624.105,2624.105,0.16546
1735779660000,2624.045,2625.465,2623.645,2624.605,0.13635
1735779720000,2624.615,2624.915,2624.185,2624.525,0.1182
1735779780000,2624.505,2625.985,2624.455,2625.855,0.1305
1735779840000,2625.885,2627.155,2625.448,2627.048,0.10065
1735779900000,2627.055,2628.148,2626.938,2627.698,0.09525
1735779960000,2627.698,2630.228,2627.658,2629.555,0.10608
1735780020000,2629.565,2630.155,2629.155,2629.165,0.08943
1735780080000,2629.175,2629.225,2628.055,2628.745,0.09708
1735780140000,2628.695,2629.615,2628.375,2629.355,0.08442
1735780200000,2629.345,2630.448,2629.298,2630.248,0.04371
1735780260000,2630.248,2630.585,2629.935,2630.048,0.04572
1735780320000,2630.048,2630.705,2629.448,2629.648,0.05748
1735780380000,2629.725,2630.195,2629.448,2629.855,0.06963
1735780440000,2629.825,2630.175,2629.245,2629.315,0.07833
1735780500000,2629.265,2630.115,2629.155,2629.555,0.11496
1735780560000,2629.505,2630.475,2629.405,2630.198,0.08367
1735780620000,2630.315,2631.145,2630.205,2630.765,0.05427
1735780680000,2630.705,2631.705,2630.645,2631.385,0.05295
1735780740000,2631.385,2631.798,2631.045,2631.205,0.06489
1735780800000,2631.185,2631.215,2630.525,2630.848,0.05604
1735780860000,2630.948,2631.248,2629.948,2630.105,0.06204
1735780920000,2630.125,2630.948,2629.595,2630.755,0.05814
1735780980000,2630.755,2631.255,2630.648,2631.165,0.04638
1735781040000,2631.175,2631.505,2630.798,2631.235,0.05667
1735781100000,2631.255,2631.335,2630.475,2631.098,0.04431
1735781160000,2630.998,2631.375,2630.198,2631.295,0.0474
1735781220000,2631.315,2631.898,2630.875,2631.848,0.0483
1735781280000,2631.825,2632.598,2631.825,2632.498,0.03393
1735781340000,2632.498,2632.798,2632.105,2632.298,0.0261
1735781400000,2632.398,2633.698,2632.235,2633.698,0.02277
1735781460000,2633.598,2633.648,2633.118,2633.198,0.02893
1735781520000,2633.215,2634.048,2633.198,2633.448,0.02436
1735781580000,2633.548,2633.748,2632.655,2633.498,0.03618
1735781640000,2633.535,2634.005,2633.498,2633.848,0.04827
1735781700000,2633.848,2634.148,2633.248,2633.848,0.01956
1735781760000,2633.848,2634.148,2633.395,2633.425,0.03102
1735781820000,2633.405,2633.598,2632.478,2633.048,0.03255
1735781880000,2633.048,2633.448,2632.648,2633.448,0.02142
1735781940000,2633.548,2633.748,2632.548,2632.954,0.04641
1735782000000,2632.965,2633.398,2632.798,2632.965,0.04791
1735782060000,2632.965,2633.228,2632.565,2632.614,0.05775
1735782120000,2632.615,2633.015,2632.115,2632.948,0.05517
1735782180000,2632.858,2633.548,2632.858,2633.448,0.0265
1735782240000,2633.448,2633.748,2633.198,2633.298,0.01836
1735782300000,2633.298,2633.298,2632.715,2632.848,0.02379
1735782360000,2632.875,2633.065,2632.348,2632.648,0.03066
1735782420000,2632.648,2632.848,2631.534,2631.765,0.04431
1735782480000,2631.755,2632.165,2631.558,2632.095,0.06021
1735782540000,2632.155,2632.358,2631.835,2632.045,0.07284
1735782600000,2632.045,2632.405,2631.408,2632.305,0.08082
1735782660000,2632.305,2632.685,2631.948,2632.295,0.05784
1735782720000,2632.315,2632.315,2631.598,2632.085,0.06684
1735782780000,2631.998,2632.155,2631.498,2632.055,0.06288
1735782840000,2632.055,2632.455,2632.048,2632.305,0.0351
1735782900000,2632.335,2632.548,2631.905,2632.548,0.04857
1735782960000,2632.448,2632.955,2632.305,2632.905,0.04335
1735783020000,2632.905,2633.145,2632.415,2632.945,0.07095
1735783080000,2632.908,2633.045,2632.235,2632.355,0.06075
1735783140000,2632.315,2632.805,2632.065,2632.735,0.05838
1735783200000,2632.735,2634.005,2632.398,2633.998,0.03666
1735783260000,2633.998,2634.498,2633.798,2634.498,0.05394
1735783320000,2634.505,2634.505,2633.735,2633.835,0.06609
1735783380000,2633.935,2633.955,2632.725,2632.825,0.05163
1735783440000,2632.805,2633.455,2632.698,2633.348,0.04773
1735783500000,2633.354,2633.755,2633.265,2633.315,0.04278
1735783560000,2633.278,2633.705,2633.048,2633.705,0.0438
1735783620000,2633.685,2633.795,2633.348,2633.415,0.04842
1735783680000,2633.415,2634.205,2633.315,2634.198,0.05007
1735783740000,2634.198,2634.325,2633.898,2634.025,0.04053
1735783800000,2634.098,2634.505,2633.615,2633.665,0.02934
1735783860000,2633.615,2633.925,2633.205,2633.835,0.04488
1735783920000,2633.805,2634.148,2633.798,2633.848,0.02943
1735783980000,2633.895,2634.255,2633.855,2634.155,0.04152
1735784040000,2634.155,2634.548,2634.055,2634.355,0.04014
1735784100000,2634.365,2634.365,2633.955,2634.248,0.03069
1735784160000,2634.255,2634.265,2633.705,2633.798,0.02847
1735784220000,2633.805,2634.305,2633.655,2634.265,0.03279
1735784280000,2634.148,2634.275,2633.998,2634.195,0.02967
1735784340000,2634.195,2634.438,2633.798,2634.045,0.05256
1735784400000,2633.948,2634.565,2633.785,2634.445,0.03993
1735784460000,2634.495,2635.015,2634.435,2634.915,0.03075
1735784520000,2634.915,2635.655,2634.555,2635.655,0.03915
1735784580000,2635.648,2636.298,2635.305,2635.425,0.04314
1735784640000,2635.405,2635.898,2635.398,2635.605,0.03864
1735784700000,2635.635,2635.635,2634.795,2634.795,0.03618
1735784760000,2634.785,2634.975,2634.505,2634.505,0.04617
1735784820000,2634.525,2635.135,2634.485,2635.065,0.04743
1735784880000,2634.998,2635.298,2634.815,2635.298,0.02484
1735784940000,2635.245,2635.598,2635.065,2635.498,0.02103
1735785000000,2635.498,2635.498,2634.065,2634.105,0.09354
1735785060000,2634.125,2634.555,2633.948,2634.055,0.05844
1735785120000,2634.048,2634.748,2633.855,2634.748,0.0555
1735785180000,2634.685,2634.748,2634.148,2634.295,0.03432
1735785240000,2634.348,2635.048,2634.155,2635.048,0.03786
1735785300000,2634.895,2634.908,2634.548,2634.855,0.04128
1735785360000,2634.805,2634.985,2634.415,2634.605,0.03741
1735785420000,2634.705,2634.715,2633.935,2634.298,0.04269
1735785480000,2634.305,2634.355,2633.898,2634.255,0.03738
1735785540000,2634.255,2635.645,2634.255,2635.365,0.06492
1735785600000,2635.365,2635.365,2634.415,2635.235,0.0795
1735785660000,2635.225,2635.225,2634.334,2634.505,0.07566
1735785720000,2634.485,2634.485,2633.204,2633.248,0.0933
1735785780000,2633.154,2633.154,2632.454,2632.848,0.05208
1735785840000,2632.944,2633.384,2632.694,2633.248,0.04563
1735785900000,2633.054,2633.448,2632.548,2633.174,0.05403
1735785960000,2633.294,2633.348,2632.754,2632.848,0.02859
1735786020000,2632.804,2632.848,2632.254,2632.348,0.03075
1735786080000,2632.348,2632.648,2632.148,2632.648,0.01986
1735786140000,2632.748,2632.848,2632.748,2632.748,0.01752
1735786200000,2632.648,2633.548,2632.448,2633.548,0.01749
1735786260000,2633.548,2633.648,2633.248,2633.348,0.0213
1735786320000,2633.448,2633.648,2633.444,2633.564,0.02421
1735786380000,2633.548,2634.048,2633.348,2634.048,0.0312
1735786440000,2634.048,2634.248,2633.748,2633.848,0.01398
1735786500000,2633.848,2634.148,2633.804,2633.848,0.01002
1735786560000,2633.848,2633.864,2633.648,2633.748,0.00612
1735786620000,2633.838,2634.148,2633.748,2634.148,0.00837
1735786680000,2634.148,2634.888,2634.088,2634.848,0.024
1735786740000,2634.878,2635.148,2634.404,2634.498,0.01929
1735786800000,2634.404,2634.898,2634.384,2634.498,0.01389
1735786860000,2634.398,2635.198,2634.325,2635.148,0.01386
1735786920000,2635.024,2635.148,2634.148,2634.148,0.02451
1735786980000,2634.148,2634.245,2633.768,2633.954,0.04197
1735787040000,2633.948,2633.995,2633.578,2633.948,0.04224
1735787100000,2633.948,2634.048,2633.324,2633.348,0.01089
1735787160000,2633.405,2633.948,2633.348,2633.648,0.02937
1735787220000,2633.648,2634.098,2633.598,2633.998,0.02169
1735787280000,2633.998,2633.998,2633.498,2633.598,0.02157
1735787340000,2633.598,2633.798,2633.548,2633.565,0.02652
1735787400000,2633.565,2633.648,2633.348,2633.548,0.02841
1735787460000,2633.548,2633.548,2632.948,2633.075,0.03222
1735787520000,2633.048,2633.265,2632.898,2633.015,0.0642
1735787580000,2633.015,2633.335,2633.015,2633.135,0.04461
1735787640000,2633.105,2633.198,2632.915,2632.945,0.02733
1735787700000,2632.945,2633.405,2632.805,2633.405,0.05883
1735787760000,2633.405,2633.815,2633.398,2633.405,0.02205
1735787820000,2633.398,2633.885,2633.398,2633.448,0.02406
1735787880000,2633.448,2633.475,2632.848,2632.848,0.04146
1735787940000,2632.895,2633.585,2632.775,2633.285,0.04338
1735788000000,2633.248,2633.485,2633.148,2633.165,0.03186
1735788060000,2633.095,2633.448,2632.858,2633.448,0.02439
1735788120000,2633.448,2633.848,2633.448,2633.648,0.01398
1735788180000,2633.665,2634.248,2633.648,2634.148,0.02109
1735788240000,2634.165,2634.548,2633.828,2633.985,0.04014
1735788300000,2634.048,2634.115,2633.758,2633.985,0.03951
1735788360000,2633.948,2634.115,2633.748,2633.885,0.03345
1735788420000,2633.905,2633.995,2633.238,2633.445,0.0453
1735788480000,2633.375,2633.585,2633.178,2633.385,0.05535
1735788540000,2633.348,2633.395,2632.968,2633.155,0.04644
1735788600000,2633.148,2633.248,2632.948,2632.948,0.02052
1735788660000,2632.995,2633.135,2632.848,2633.015,0.01254
1735788720000,2633.048,2633.298,2632.948,2633.298,0.00972
1735788780000,2633.198,2633.498,2633.098,2633.498,0.02115
1735788840000,2633.498,2634.108,2633.498,2633.648,0.01971
1735788900000,2633.585,2633.645,2633.348,2633.415,0.02304
1735788960000,2633.444,2633.444,2632.948,2633.005,0.02397
1735789020000,2633.095,2633.095,2632.475,2632.555,0.04326
1735789080000,2632.548,2632.625,2632.205,2632.235,0.03612
1735789140000,2632.225,2632.285,2632.148,2632.155,0.03702
1735789200000,2632.165,2632.535,2632.154,2632.175,0.03069
1735789260000,2632.175,2632.854,2632.175,2632.684,0.03024
1735789320000,2632.675,2632.845,2632.215,2632.215,0.0279
1735789380000,2632.215,2633.198,2632.065,2633.025,0.02094
1735789440000,2633.015,2633.245,2632.998,2633.245,0.0117
1735789500000,2633.198,2633.498,2633.198,2633.498,0.01245
1735789560000,2633.598,2633.635,2633.158,2633.235,0.02178
1735789620000,2633.235,2633.395,2633.148,2633.245,0.02745
1735789680000,2633.235,2633.275,2633.148,2633.148,0.0138
1735789740000,2633.018,2633.025,2632.795,2633.025,0.02487
1735789800000,2633.005,2633.035,2632.575,2632.625,0.01923
1735789860000,2632.655,2632.898,2632.558,2632.845,0.02064
1735789920000,2632.798,2632.865,2632.645,2632.735,0.01359
1735789980000,2632.715,2632.835,2632.635,2632.645,0.01995
1735790040000,2632.655,2632.725,2632.545,2632.555,0.01134
1735790100000,2632.575,2632.798,2632.545,2632.685,0.01215
1735790160000,2632.635,2632.755,2632.635,2632.698,0.00777
1735790220000,2632.598,2632.755,2632.555,2632.635,0.01128
1735790280000,2632.648,2633.055,2632.648,2633.055,0.00813
1735790340000,2633.055,2633.548,2633.055,2633.448,0.01728
1735790400000,2633.468,2633.468,2633.148,2633.155,0.01215
1735790460000,2633.165,2633.255,2632.774,2632.848,0.01644
1735790520000,2632.875,2632.985,2632.645,2632.684,0.0255
1735790580000,2632.435,2632.475,2632.165,2632.325,0.02478
1735790640000,2632.295,2632.915,2632.285,2632.875,0.01641
1735790700000,2632.855,2632.875,2632.365,2632.385,0.01746
1735790760000,2632.445,2632.455,2631.964,2632.325,0.04332
1735790820000,2632.335,2632.405,2631.955,2631.965,0.0228
1735790880000,2631.955,2632.715,2631.915,2632.548,0.02403
1735790940000,2632.534,2632.664,2632.484,2632.548,0.00981
1735791000000,2632.554,2632.748,2632.548,2632.698,0.00588
1735791060000,2632.798,2632.798,2632.498,2632.698,0.00388
1735791120000,2632.654,2632.698,2632.348,2632.498,0.00999
1735791180000,2632.698,2632.894,2632.598,2632.848,0.01221
1735791240000,2632.848,2633.048,2632.065,2632.065,0.02034
1735791300000,2632.064,2632.534,2632.034,2632.414,0.01626
1735791360000,2632.344,2632.354,2632.234,2632.274,0.01275
1735791420000,2632.264,2632.514,2632.108,2632.498,0.01257
1735791480000,2632.514,2632.764,2632.498,2632.514,0.0084
1735791540000,2632.504,2632.574,2632.298,2632.424,0.01347
1735791600000,2632.414,2632.454,2632.298,2632.298,0.00726
1735791660000,2632.355,2632.394,2631.934,2631.984,0.01119
1735791720000,2631.884,2632.524,2631.884,2632.524,0.02187
1735791780000,2632.504,2632.774,2632.498,2632.644,0.02151
1735791840000,2632.644,2632.744,2631.894,2632.284,0.02664
1735791900000,2632.254,2632.964,2632.235,2632.705,0.02922
1735791960000,2632.705,2632.848,2632.638,2632.784,0.0318
1735792020000,2632.795,2632.795,2632.315,2632.575,0.02241
1735792080000,2632.648,2632.648,2632.348,2632.448,0.02034
1735792140000,2632.475,2632.475,2632.148,2632.245,0.02439
1735792200000,2632.148,2632.175,2631.885,2632.025,0.02313
1735792260000,2632.205,2632.275,2632.084,2632.225,0.01626
1735792320000,2632.198,2632.698,2632.198,2632.498,0.01236
1735792380000,2632.525,2632.598,2632.198,2632.198,0.00783
1735792440000,2632.198,2632.298,2631.905,2632.198,0.02382
1735792500000,2632.198,2632.435,2631.998,2632.005,0.02172
1735792560000,2632.098,2632.145,2631.998,2631.998,0.01425
1735792620000,2632.005,2632.175,2631.898,2632.105,0.01362
1735792680000,2632.098,2632.224,2631.998,2632.145,0.01671
1735792740000,2632.198,2632.198,2631.898,2632.025,0.02337
1735792800000,2631.985,2632.178,2631.938,2631.998,0.01101
1735792860000,2631.998,2632.098,2631.798,2631.998,0.01494
1735792920000,2632.035,2632.305,2632.035,2632.298,0.01143
1735792980000,2632.198,2632.298,2631.998,2632.098,0.00753
1735793040000,2632.098,2632.298,2631.824,2631.964,0.02329
1735793100000,2631.925,2631.925,2630.858,2631.225,0.0451
1735793160000,2631.175,2631.848,2631.175,2631.444,0.04353
1735793220000,2631.298,2632.598,2631.074,2632.498,0.03294
1735793280000,2632.274,2632.498,2632.274,2632.368,0.00378
1735793340000,2632.368,2632.448,2632.258,2632.348,0.00687
1735793400000,2632.348,2632.508,2632.338,2632.448,0.0138
1735793460000,2632.508,2632.658,2632.388,2632.648,0.00948
1735793520000,2632.648,2632.994,2632.528,2632.948,0.01254
1735793580000,2632.958,2632.998,2632.848,2632.998,0.01548
1735793640000,2633.114,2633.718,2632.964,2633.614,0.0318
1735793700000,2633.604,2633.908,2633.568,2633.584,0.02712
1735793760000,2633.614,2633.958,2633.598,2633.958,0.02328
1735793820000,2633.938,2633.958,2633.398,2633.648,0.02163
1735793880000,2633.674,2634.048,2633.648,2633.748,0.03123
1735793940000,2633.784,2633.894,2633.748,2633.754,0.01563
1735794000000,2633.754,2633.974,2633.748,2633.948,0.02292
1735794060000,2633.968,2634.154,2633.748,2633.848,0.0366
1735794120000,2633.948,2634.148,2633.394,2633.398,0.03843
1735794180000,2633.394,2633.544,2633.334,2633.464,0.01629
1735794240000,2633.504,2633.524,2633.034,2633.068,0.02451
1735794300000,2633.048,2633.174,2632.864,2633.174,0.01854
1735794360000,2633.208,2633.364,2633.144,2633.248,0.01497
1735794420000,2633.214,2633.324,2633.164,2633.248,0.01194
1735794480000,2633.274,2633.448,2633.084,2633.384,0.01752
1735794540000,2633.384,2633.384,2633.048,2633.174,0.01932
1735794600000,2633.188,2633.724,2633.148,2633.634,0.02178
1735794660000,2633.664,2633.748,2633.548,2633.548,0.00816
1735794720000,2633.548,2633.648,2633.148,2633.148,0.009
1735794780000,2633.148,2633.548,2632.948,2633.548,0.01515
1735794840000,2633.448,2633.468,2633.148,2633.204,0.00852
1735794900000,2633.194,2633.354,2633.148,2633.248,0.00837
1735794960000,2633.348,2633.524,2633.348,2633.468,0.02703
1735795020000,2633.448,2633.748,2633.448,2633.654,0.0132
1735795080000,2633.654,2634.048,2633.648,2634.048,0.01521
1735795140000,2634.028,2634.064,2633.884,2634.048,0.00873
1735795200000,2634.048,2634.048,2633.604,2633.798,0.01998
1735795260000,2633.798,2633.804,2633.698,2633.724,0.01116
1735795320000,2633.614,2633.798,2633.498,2633.698,0.012
1735795380000,2633.598,2633.698,2633.498,2633.698,0.00576
1735795440000,2633.704,2634.098,2633.698,2634.098,0.01008
1735795500000,2634.198,2634.398,2634.198,2634.298,0.00702
1735795560000,2634.254,2634.298,2634.098,2634.298,0.00858
1735795620000,2634.298,2634.398,2634.198,2634.298,0.00348
1735795680000,2634.298,2634.748,2634.048,2634.648,0.00672
1735795740000,2634.748,2635.148,2634.624,2634.648,0.03084
1735795800000,2634.574,2635.548,2634.304,2635.354,0.04011
1735795860000,2635.348,2635.654,2635.084,2635.174,0.05136
1735795920000,2635.184,2635.324,2634.748,2634.914,0.04512
1735795980000,2634.894,2635.398,2634.824,2635.374,0.03882
1735796040000,2635.314,2635.464,2635.064,2635.204,0.0327
1735796100000,2635.194,2635.398,2634.704,2635.398,0.0189
1735796160000,2635.398,2635.798,2635.204,2635.298,0.01032
1735796220000,2635.104,2635.798,2634.998,2635.498,0.01032
1735796280000,2635.598,2635.698,2635.434,2635.598,0.0084
1735796340000,2635.598,2635.998,2635.348,2635.384,0.0264
1735796400000,2635.448,2636.054,2635.448,2636.048,0.01242
1735796460000,2636.148,2636.284,2635.748,2636.048,0.01827
1735796520000,2635.948,2636.148,2635.778,2635.848,0.0096
1735796580000,2635.848,2635.948,2635.448,2635.548,0.00804
1735796640000,2635.448,2635.448,2634.648,2634.664,0.04356
1735796700000,2634.734,2634.922,2634.048,2634.054,0.04506
1735796760000,2634.014,2634.404,2633.804,2634.248,0.04062
1735796820000,2634.248,2634.498,2634.098,2634.198,0.02874
1735796880000,2634.198,2634.434,2633.994,2634.434,0.02352
1735796940000,2634.444,2634.898,2634.198,2634.898,0.03192
1735797000000,2634.998,2635.198,2634.498,2634.634,0.02652
1735797060000,2634.644,2634.998,2634.498,2634.498,0.01908
1735797120000,2634.498,2634.934,2634.448,2634.644,0.02658
1735797180000,2634.548,2634.744,2634.374,2634.424,0.02832
1735797240000,2634.434,2634.534,2634.254,2634.274,0.03168
1735797300000,2634.134,2634.224,2633.974,2634.198,0.03876
1735797360000,2634.198,2634.304,2633.874,2634.224,0.039
1735797420000,2634.184,2634.264,2633.874,2633.904,0.04188
1735797480000,2633.884,2634.048,2633.774,2633.948,0.02412
1735797540000,2634.024,2634.254,2633.748,2633.874,0.02517
1735797600000,2633.748,2633.824,2633.004,2633.324,0.10392
1735797660000,2633.204,2633.644,2632.898,2633.048,0.08361
1735797720000,2632.944,2633.048,2631.998,2632.014,0.05652
1735797780000,2631.994,2632.374,2631.698,2632.084,0.07881
1735797840000,2632.114,2632.584,2632.004,2632.464,0.04626
1735797900000,2632.498,2632.734,2632.248,2632.464,0.04704
1735797960000,2632.444,2632.464,2631.948,2632.225,0.08406
1735798020000,2632.374,2632.534,2631.748,2632.114,0.06696
1735798080000,2632.144,2632.214,2631.674,2631.784,0.0864
1735798140000,2631.834,2632.424,2631.834,2632.384,0.07317
1735798200000,2632.414,2632.824,2631.984,2632.014,0.04914
1735798260000,2632.014,2632.424,2631.984,2632.374,0.02862
1735798320000,2632.394,2632.454,2631.814,2631.854,0.02943
1735798380000,2631.844,2631.874,2631.568,2631.674,0.03852
1735798440000,2631.654,2631.704,2631.348,2631.574,0.03624
1735798500000,2631.548,2631.994,2631.348,2631.894,0.05025
1735798560000,2631.884,2631.934,2631.448,2631.654,0.0273
1735798620000,2631.664,2631.698,2630.998,2631.264,0.05694
1735798680000,2631.264,2632.148,2631.248,2631.984,0.04023
1735798740000,2631.954,2632.148,2631.844,2632.048,0.02613
1735798800000,2631.948,2632.248,2631.898,2631.898,0.0183
1735798860000,2631.954,2632.748,2631.804,2632.548,0.02451
1735798920000,2632.564,2632.948,2632.338,2632.948,0.01443
1735798980000,2632.948,2632.948,2632.748,2632.848,0.01341
1735799040000,2632.848,2632.894,2632.748,2632.754,0.03045
1735799100000,2632.778,2633.024,2632.728,2633.014,0.03618
1735799160000,2633.024,2633.934,2633.024,2633.924,0.05505
1735799220000,2633.855,2634.054,2633.714,2633.864,0.04656
1735799280000,2633.894,2634.304,2633.894,2633.954,0.05127
1735799340000,2634.114,2634.154,2633.794,2634.094,0.01926
1735799400000,2634.074,2634.234,2633.975,2634.154,0.03729
1735799460000,2634.204,2634.274,2633.788,2633.808,0.0309
1735799520000,2633.798,2633.934,2633.564,2633.598,0.04818
1735799580000,2633.598,2633.784,2633.544,2633.674,0.04686
1735799640000,2633.558,2633.744,2633.508,2633.538,0.03933
1735799700000,2633.694,2633.694,2633.248,2633.584,0.05586
1735799760000,2633.604,2633.774,2633.448,2633.684,0.04278
1735799820000,2633.694,2633.764,2633.498,2633.734,0.0561
1735799880000,2633.698,2633.744,2633.464,2633.624,0.03579
1735799940000,2633.654,2633.848,2633.498,2633.748,0.03567
1735800000000,2633.748,2634.264,2633.748,2634.248,0.0168
1735800060000,2634.248,2634.348,2633.848,2634.248,0.03024
1735800120000,2634.248,2634.485,2633.754,2633.754,0.03591
1735800180000,2633.844,2634.014,2633.554,2633.974,0.0771
1735800240000,2634.004,2634.048,2633.748,2633.954,0.07032
1735800300000,2633.964,2634.048,2633.844,2633.998,0.02148
1735800360000,2633.998,2635.244,2633.898,2634.744,0.04722
1735800420000,2634.724,2634.724,2634.014,2634.198,0.06924
1735800480000,2634.165,2634.298,2633.925,2633.975,0.0234
1735800540000,2633.948,2634.048,2633.468,2633.595,0.02709
1735800600000,2633.525,2633.595,2633.468,2633.515,0.02217
1735800660000,2633.545,2633.784,2633.444,2633.635,0.02835
1735800720000,2633.695,2634.384,2633.695,2634.348,0.03609
1735800780000,2634.494,2634.494,2634.078,2634.248,0.05445
1735800840000,2634.254,2634.414,2633.748,2633.848,0.06825
1735800900000,2633.848,2633.934,2633.555,2633.864,0.04086
1735800960000,2633.765,2633.964,2633.675,2633.884,0.03816
1735801020000,2633.914,2634.074,2633.695,2633.964,0.04455
1735801080000,2633.994,2634.524,2633.934,2634.354,0.05877
1735801140000,2634.305,2634.324,2633.964,2633.974,0.05181
1735801200000,2633.954,2633.964,2633.495,2633.548,0.08166
1735801260000,2633.628,2633.785,2633.498,2633.508,0.02919
1735801320000,2633.548,2633.598,2633.328,2633.518,0.02589
1735801380000,2633.548,2633.898,2633.408,2633.755,0.03234
1735801440000,2633.804,2634.135,2633.698,2634.135,0.0396
1735801500000,2634.098,2634.364,2633.998,2634.298,0.02853
1735801560000,2634.498,2634.914,2634.104,2634.125,0.04281
1735801620000,2633.948,2634.485,2633.948,2634.394,0.03573
1735801680000,2634.385,2634.644,2634.148,2634.234,0.04083
1735801740000,2634.194,2634.394,2633.958,2634.134,0.06621
1735801800000,2634.194,2634.654,2634.048,2634.454,0.03924
1735801860000,2634.348,2634.464,2633.998,2634.174,0.02517
1735801920000,2634.204,2634.444,2634.148,2634.425,0.02541
1735801980000,2634.358,2634.475,2634.148,2634.395,0.02823
1735802040000,2634.248,2634.444,2634.005,2634.214,0.04374
1735802100000,2634.184,2634.244,2633.404,2633.505,0.06963
1735802160000,2633.515,2633.798,2633.515,2633.655,0.04524
1735802220000,2633.658,2634.015,2633.655,2633.948,0.01557
1735802280000,2633.948,2633.995,2633.848,2633.875,0.01191
1735802340000,2633.865,2634.748,2633.865,2634.648,0.01809
1735802400000,2634.625,2634.648,2634.185,2634.485,0.03333
1735802460000,2634.505,2634.635,2634.338,2634.495,0.03771
1735802520000,2634.498,2634.905,2634.448,2634.568,0.04116
1735802580000,2634.558,2635.158,2634.548,2634.868,0.02127
1735802640000,2634.848,2635.348,2634.808,2635.348,0.0264
1735802700000,2635.348,2635.798,2635.298,2635.508,0.02208
1735802760000,2635.498,2635.748,2635.438,2635.558,0.02307
1735802820000,2635.568,2635.608,2634.648,2634.705,0.03426
1735802880000,2634.668,2634.695,2634.398,2634.598,0.04359
1735802940000,2634.578,2634.965,2634.085,2634.125,0.03987
1735803000000,2634.075,2634.104,2633.395,2633.545,0.06795
1735803060000,2633.525,2633.585,2633.404,2633.575,0.03582
1735803120000,2633.565,2633.735,2633.395,2633.535,0.03249
1735803180000,2633.515,2633.685,2633.248,2633.308,0.03648
1735803240000,2633.165,2633.408,2632.828,2633.055,0.05682
1735803300000,2633.055,2633.238,2632.874,2633.065,0.0486
1735803360000,2633.058,2633.705,2633.025,2633.695,0.03348
1735803420000,2633.698,2633.908,2633.648,2633.768,0.02925
1735803480000,2633.738,2633.955,2633.568,2633.918,0.02577
1735803540000,2633.928,2633.938,2633.248,2633.348,0.033
1735803600000,2633.328,2633.328,2632.998,2633.158,0.02436
1735803660000,2633.208,2633.745,2632.948,2633.745,0.02544
1735803720000,2633.704,2633.845,2633.698,2633.725,0.02175
1735803780000,2633.698,2633.798,2633.698,2633.798,0.00735
1735803840000,2633.798,2633.798,2633.348,2633.415,0.01575
1735803900000,2633.415,2633.448,2632.895,2632.965,0.02979
1735803960000,2633.095,2633.235,2633.055,2633.185,0.03204
1735804020000,2633.145,2633.448,2632.798,2632.845,0.02613
1735804080000,2632.835,2633.155,2632.825,2632.985,0.02883
1735804140000,2633.115,2633.348,2633.115,2633.348,0.03942
1735804200000,2633.348,2633.695,2633.105,2633.648,0.01698
1735804260000,2633.615,2633.855,2633.258,2633.275,0.01863
1735804320000,2633.298,2633.848,2633.288,2633.748,0.0213
1735804380000,2633.748,2633.915,2633.505,2633.875,0.01677
1735804440000,2633.848,2634.548,2633.848,2634.448,0.02694
1735804500000,2634.448,2634.848,2634.448,2634.648,0.01923
1735804560000,2634.688,2634.778,2634.188,2634.455,0.03114
1735804620000,2634.455,2634.695,2634.448,2634.654,0.03642
1735804680000,2634.648,2635.298,2634.584,2635.298,0.01854
1735804740000,2635.124,2635.898,2635.048,2635.848,0.02191
1735804800000,2635.704,2636.248,2634.948,2635.348,0.02753
1735804860000,2635.248,2635.848,2635.148,2635.648,0.02568
1735804920000,2635.648,2636.148,2635.548,2635.948,0.03438
1735804980000,2635.948,2636.148,2635.648,2636.148,0.0273
1735805040000,2636.148,2636.158,2635.498,2635.705,0.04428
1735805100000,2635.834,2636.048,2635.605,2636.048,0.03351
1735805160000,2636.055,2636.248,2635.914,2636.035,0.04527
1735805220000,2636.025,2636.838,2636.025,2636.398,0.05538
1735805280000,2636.418,2636.418,2635.525,2635.605,0.05529
1735805340000,2635.535,2635.875,2635.045,2635.055,0.0675
1735805400000,2635.068,2635.305,2634.665,2634.715,0.0537
1735805460000,2634.675,2634.748,2633.765,2633.958,0.04533
1735805520000,2633.948,2634.748,2633.948,2634.748,0.03858
1735805580000,2634.648,2635.248,2634.625,2634.848,0.02247
1735805640000,2634.848,2634.958,2634.735,2634.948,0.02895
1735805700000,2634.935,2634.935,2634.254,2634.515,0.03093
1735805760000,2634.505,2634.535,2633.775,2633.848,0.03486
1735805820000,2633.858,2634.088,2633.425,2633.685,0.05235
1735805880000,2633.695,2634.465,2633.645,2634.385,0.0528
1735805940000,2634.408,2634.955,2634.055,2634.355,0.05631
1735806000000,2634.295,2634.465,2633.825,2633.965,0.04662
1735806060000,2633.795,2634.005,2633.395,2633.775,0.05421
1735806120000,2633.775,2633.968,2633.355,2633.375,0.05031
1735806180000,2633.365,2633.695,2632.498,2632.715,0.07246
1735806240000,2632.735,2632.878,2632.455,2632.535,0.06618
1735806300000,2632.515,2632.615,2631.975,2632.175,0.09144
1735806360000,2632.178,2632.565,2632.055,2632.055,0.08397
1735806420000,2632.045,2632.225,2631.155,2631.785,0.05577
1735806480000,2631.805,2632.898,2631.648,2632.698,0.03465
1735806540000,2632.698,2633.095,2632.405,2633.085,0.03126
1735806600000,2633.075,2633.075,2632.305,2632.465,0.05502
1735806660000,2632.515,2632.555,2631.208,2631.215,0.04038
1735806720000,2631.248,2632.205,2630.985,2632.015,0.07323
1735806780000,2632.048,2632.758,2631.965,2632.488,0.04797
1735806840000,2632.458,2633.688,2632.458,2633.574,0.05706
1735806900000,2633.595,2633.918,2633.415,2633.808,0.05418
1735806960000,2633.828,2633.848,2633.178,2633.218,0.03807
1735807020000,2633.208,2634.068,2633.168,2633.678,0.04257
1735807080000,2633.615,2633.998,2633.385,2633.888,0.04545
1735807140000,2633.878,2634.098,2633.588,2633.785,0.03825
1735807200000,2633.755,2633.918,2633.428,2633.918,0.03807
1735807260000,2633.858,2635.498,2633.858,2635.478,0.0621
1735807320000,2635.475,2636.485,2635.435,2636.485,0.07503
1735807380000,2636.448,2636.715,2636.258,2636.378,0.05881
1735807440000,2636.455,2636.708,2636.034,2636.034,0.04986
1735807500000,2636.048,2637.248,2635.908,2637.248,0.04773
1735807560000,2637.205,2637.358,2636.208,2636.288,0.04815
1735807620000,2636.278,2637.058,2636.108,2636.554,0.03429
1735807680000,2636.548,2637.558,2636.548,2637.458,0.03915
1735807740000,2637.458,2637.458,2635.518,2635.748,0.05754
1735807800000,2635.748,2635.864,2635.548,2635.558,0.03075
1735807860000,2635.564,2636.448,2635.548,2636.048,0.02076
1735807920000,2636.078,2636.154,2635.458,2635.548,0.02127
1735807980000,2635.548,2635.865,2635.124,2635.674,0.03984
1735808040000,2635.684,2635.784,2635.348,2635.448,0.03366
1735808100000,2635.448,2635.968,2635.348,2635.448,0.03537
1735808160000,2635.448,2635.774,2635.448,2635.748,0.03378
1735808220000,2635.748,2636.948,2635.748,2636.668,0.04146
1735808280000,2636.708,2636.798,2636.368,2636.548,0.0333
1735808340000,2636.548,2636.548,2635.824,2636.348,0.02385
1735808400000,2636.365,2637.385,2636.365,2637.345,0.05172
1735808460000,2637.345,2638.698,2637.215,2638.164,0.09741
1735808520000,2638.154,2639.708,2638.154,2639.148,0.07893
1735808580000,2639.148,2639.178,2638.208,2638.214,0.07682
1735808640000,2638.214,2638.608,2638.068,2638.234,0.06927
1735808700000,2638.174,2638.748,2637.974,2638.624,0.05928
1735808760000,2638.654,2639.264,2638.494,2638.494,0.08397
1735808820000,2638.484,2638.948,2638.348,2638.754,0.06456
1735808880000,2638.734,2638.958,2638.204,2638.734,0.04743
1735808940000,2638.718,2638.718,2637.898,2638.134,0.04605
1735809000000,2638.134,2638.798,2637.674,2638.698,0.04391
1735809060000,2638.698,2638.948,2637.894,2638.048,0.03324
1735809120000,2637.948,2637.948,2637.064,2637.348,0.05475
1735809180000,2637.248,2637.748,2637.148,2637.534,0.06882
1735809240000,2637.604,2638.148,2637.474,2638.048,0.02715
1735809300000,2638.004,2638.004,2637.548,2637.804,0.04101
1735809360000,2637.794,2638.214,2637.648,2638.148,0.03024
1735809420000,2638.208,2638.454,2638.048,2638.174,0.02838
1735809480000,2638.174,2638.284,2637.864,2638.074,0.0276
1735809540000,2638.054,2638.178,2637.664,2638.024,0.02937
1735809600000,2638.004,2638.155,2637.754,2637.754,0.03405
1735809660000,2637.848,2638.104,2637.474,2637.518,0.03648
1735809720000,2637.548,2638.148,2637.534,2637.648,0.02931
1735809780000,2637.648,2637.664,2637.104,2637.348,0.03853
1735809840000,2637.304,2637.555,2637.034,2637.244,0.05391
1735809900000,2637.254,2637.764,2637.254,2637.448,0.0321
1735809960000,2637.548,2637.904,2637.454,2637.698,0.04275
1735810020000,2637.704,2638.948,2637.474,2638.948,0.02214
1735810080000,2638.948,2639.785,2638.138,2638.448,0.04998
1735810140000,2638.448,2639.348,2637.168,2637.198,0.07179
1735810200000,2637.298,2637.765,2637.068,2637.565,0.04313
1735810260000,2637.565,2638.175,2637.498,2638.175,0.04275
1735810320000,2638.148,2638.225,2637.955,2638.125,0.06624
1735810380000,2638.115,2638.305,2637.748,2637.865,0.05535
1735810440000,2637.835,2637.875,2637.495,2637.835,0.08487
1735810500000,2637.835,2637.865,2636.735,2636.765,0.08802
1735810560000,2636.765,2636.855,2636.684,2636.735,0.06435
1735810620000,2636.735,2637.015,2636.698,2636.935,0.0423
1735810680000,2636.935,2636.955,2636.695,2636.755,0.04302
1735810740000,2636.685,2636.785,2636.525,2636.715,0.04521
1735810800000,2636.698,2637.535,2636.698,2637.348,0.08336
1735810860000,2637.348,2637.548,2636.685,2636.705,0.05823
1735810920000,2636.705,2637.004,2636.598,2636.798,0.05614
1735810980000,2636.798,2637.098,2636.635,2636.898,0.03566
1735811040000,2636.898,2637.098,2636.898,2636.998,0.01653
1735811100000,2636.998,2637.298,2636.998,2637.098,0.01548
1735811160000,2637.115,2637.215,2636.648,2636.648,0.03336
1735811220000,2636.548,2637.748,2636.448,2637.648,0.05139
1735811280000,2637.648,2637.748,2637.148,2637.248,0.0264
1735811340000,2637.248,2637.348,2637.048,2637.248,0.02652
1735811400000,2637.248,2637.448,2637.048,2637.348,0.02163
1735811460000,2637.348,2637.448,2636.848,2636.848,0.02573
1735811520000,2636.848,2637.048,2636.548,2636.548,0.02458
1735811580000,2636.548,2636.948,2636.178,2636.848,0.03937
1735811640000,2636.848,2636.948,2636.548,2636.648,0.0408
1735811700000,2636.648,2636.948,2636.548,2636.848,0.03693
1735811760000,2636.848,2637.248,2636.848,2636.948,0.02012
1735811820000,2636.948,2636.948,2636.348,2636.348,0.02904
1735811880000,2636.325,2636.475,2635.895,2636.115,0.05613
1735811940000,2636.115,2636.305,2635.858,2635.915,0.04627
1735812000000,2635.915,2635.965,2635.505,2635.515,0.04637
1735812060000,2635.515,2635.515,2634.675,2634.705,0.07523
1735812120000,2634.675,2634.745,2634.035,2634.035,0.07489
1735812180000,2634.055,2634.055,2633.485,2633.685,0.08399
1735812240000,2633.705,2633.765,2633.415,2633.548,0.03823
1735812300000,2633.548,2633.625,2633.405,2633.538,0.07516
1735812360000,2633.558,2633.645,2633.428,2633.598,0.04797
1735812420000,2633.618,2633.648,2633.418,2633.468,0.04527
1735812480000,2633.458,2633.458,2632.535,2633.075,0.06021
1735812540000,2633.075,2635.448,2632.948,2635.365,0.09682
1735812600000,2635.385,2636.348,2635.248,2636.325,0.06774
1735812660000,2636.325,2637.625,2636.315,2637.598,0.06942
1735812720000,2637.515,2638.748,2637.498,2637.925,0.07192
1735812780000,2637.965,2638.735,2637.665,2638.655,0.07227
1735812840000,2638.655,2638.815,2638.425,2638.735,0.05929
1735812900000,2638.725,2639.045,2638.195,2638.265,0.08107
1735812960000,2638.265,2638.645,2637.935,2638.395,0.06992
1735813020000,2638.325,2638.575,2638.105,2638.448,0.05973
1735813080000,2638.448,2641.148,2638.448,2641.148,0.05946
1735813140000,2641.148,2643.685,2640.948,2643.155,0.08968
1735813200000,2643.145,2643.548,2642.548,2643.248,0.0928
1735813260000,2643.235,2644.548,2642.928,2644.375,0.05346
1735813320000,2644.375,2645.664,2644.375,2644.965,0.09496
1735813380000,2644.948,2646.098,2644.748,2644.825,0.07101
1735813440000,2644.805,2645.445,2644.575,2645.265,0.09795
1735813500000,2645.285,2645.874,2645.148,2645.585,0.07826
1735813560000,2645.565,2645.965,2645.248,2645.548,0.07596
1735813620000,2645.534,2645.708,2644.424,2644.574,0.09234
1735813680000,2644.554,2645.154,2644.554,2644.594,0.09522
1735813740000,2644.534,2644.894,2644.248,2644.598,0.07209
1735813800000,2644.568,2645.348,2644.264,2644.264,0.07917
1735813860000,2644.264,2644.564,2643.734,2644.164,0.09927
1735813920000,2644.108,2644.428,2643.004,2643.214,0.10293
1735813980000,2643.248,2643.648,2642.958,2643.484,0.07992
1735814040000,2643.474,2644.034,2643.474,2643.754,0.07242
1735814100000,2643.734,2643.734,2642.948,2643.554,0.05583
1735814160000,2643.548,2644.264,2643.448,2644.264,0.04941
1735814220000,2644.254,2644.654,2643.654,2644.548,0.06726
1735814280000,2644.558,2645.548,2644.504,2644.544,0.10761
1735814340000,2644.554,2644.848,2643.894,2644.314,0.08589
1735814400000,2644.314,2644.748,2643.848,2643.848,0.05487
1735814460000,2643.948,2645.015,2643.834,2644.638,0.07344
1735814520000,2644.694,2645.058,2644.484,2644.984,0.06516
1735814580000,2644.984,2644.984,2643.838,2644.048,0.06675
1735814640000,2644.088,2644.188,2643.418,2643.748,0.04575
1735814700000,2643.714,2643.758,2642.634,2642.818,0.07389
1735814760000,2642.804,2643.374,2642.804,2643.294,0.06126
1735814820000,2643.164,2643.774,2642.824,2643.594,0.04707
1735814880000,2643.624,2643.924,2642.364,2642.364,0.06822
1735814940000,2642.324,2642.864,2642.144,2642.864,0.13509
1735815000000,2642.814,2643.554,2641.848,2641.848,0.08301
1735815060000,2641.834,2642.248,2641.538,2641.878,0.06651
1735815120000,2641.948,2641.978,2640.268,2640.948,0.07858
1735815180000,2640.948,2642.948,2640.548,2642.748,0.06822
1735815240000,2642.625,2642.998,2642.338,2642.468,0.06342
1735815300000,2642.424,2642.848,2641.874,2642.008,0.05853
1735815360000,2641.998,2642.124,2641.628,2642.124,0.04131
1735815420000,2642.124,2642.448,2641.928,2642.348,0.01935
1735815480000,2642.164,2642.548,2642.158,2642.158,0.01908
1735815540000,2642.208,2642.508,2641.978,2642.488,0.05007
1735815600000,2642.518,2643.205,2642.218,2642.975,0.054
1735815660000,2643.015,2643.025,2642.275,2642.365,0.05403
1735815720000,2642.365,2642.615,2642.255,2642.515,0.04146
1735815780000,2642.525,2643.165,2642.468,2642.865,0.03201
1735815840000,2642.878,2643.405,2642.735,2643.105,0.02448
1735815900000,2643.145,2644.085,2643.085,2644.045,0.02634
1735815960000,2644.015,2644.138,2643.545,2643.645,0.02997
1735816020000,2643.648,2644.085,2643.445,2643.745,0.018
1735816080000,2643.695,2643.965,2643.665,2643.965,0.01449
1735816140000,2643.985,2644.208,2643.655,2644.025,0.02073
1735816200000,2644.045,2644.378,2643.785,2644.378,0.05154
1735816260000,2644.325,2644.445,2643.938,2644.088,0.04359
1735816320000,2644.058,2644.468,2643.975,2644.175,0.06075
1735816380000,2644.245,2644.308,2643.605,2643.875,0.04407
1735816440000,2643.855,2644.175,2643.765,2644.035,0.057
1735816500000,2644.055,2644.238,2643.845,2643.928,0.0852
1735816560000,2643.825,2644.185,2643.765,2643.848,0.07002
1735816620000,2643.898,2643.898,2643.508,2643.868,0.05319
1735816680000,2643.848,2644.225,2643.205,2643.515,0.06522
1735816740000,2643.525,2643.685,2642.698,2642.898,0.05496
1735816800000,2642.854,2643.558,2642.854,2643.398,0.02262
1735816860000,2643.385,2643.385,2642.398,2642.398,0.03825
1735816920000,2642.405,2642.565,2641.935,2641.945,0.0453
1735816980000,2641.975,2641.998,2641.598,2641.998,0.04962
1735817040000,2641.998,2642.298,2641.898,2642.005,0.01995
1735817100000,2642.015,2642.015,2640.434,2640.555,0.06915
1735817160000,2640.524,2640.845,2640.348,2640.804,0.02988
1735817220000,2640.804,2641.304,2640.564,2640.585,0.03525
1735817280000,2640.565,2641.708,2640.548,2641.585,0.04357
1735817340000,2641.585,2641.984,2641.415,2641.578,0.05055
1735817400000,2641.658,2641.924,2641.544,2641.584,0.04707
1735817460000,2641.574,2641.574,2641.004,2641.044,0.06225
1735817520000,2641.044,2641.104,2640.764,2640.818,0.06021
1735817580000,2640.818,2640.834,2640.064,2640.204,0.05841
1735817640000,2640.195,2640.968,2640.124,2640.698,0.06327
1735817700000,2640.628,2640.754,2640.208,2640.748,0.03804
1735817760000,2640.658,2640.948,2640.508,2640.904,0.02031
1735817820000,2640.948,2641.448,2640.948,2641.384,0.02763
1735817880000,2641.384,2641.544,2641.074,2641.174,0.05574
1735817940000,2641.214,2641.545,2641.128,2641.534,0.05238
1735818000000,2641.534,2641.794,2640.698,2640.698,0.06978
1735818060000,2640.744,2642.025,2640.704,2642.005,0.0432
1735818120000,2642.005,2642.645,2641.865,2642.495,0.02268
1735818180000,2642.485,2642.745,2642.225,2642.305,0.02925
1735818240000,2642.305,2642.398,2641.844,2641.854,0.02109
1735818300000,2641.854,2641.908,2641.164,2641.238,0.05358
1735818360000,2641.238,2641.398,2640.934,2641.298,0.02454
1735818420000,2641.298,2641.698,2641.298,2641.698,0.00927
1735818480000,2641.775,2642.298,2641.698,2641.998,0.01134
1735818540000,2641.998,2642.398,2641.848,2641.898,0.01677
1735818600000,2641.898,2641.998,2641.168,2641.398,0.01476
1735818660000,2641.398,2641.698,2641.058,2641.398,0.01467
1735818720000,2641.455,2641.498,2641.164,2641.298,0.01218
1735818780000,2641.298,2641.498,2641.098,2641.298,0.01284
1735818840000,2641.298,2641.698,2641.198,2641.698,0.01671
1735818900000,2641.698,2642.098,2641.698,2642.098,0.01347
1735818960000,2642.065,2642.098,2641.564,2641.598,0.01386
1735819020000,2641.595,2642.098,2641.514,2641.798,0.02313
1735819080000,2641.798,2641.898,2641.598,2641.734,0.02784
1735819140000,2641.674,2641.998,2641.498,2641.665,0.03057
1735819200000,2641.704,2642.548,2641.654,2642.548,0.05076
1735819260000,2642.548,2642.554,2641.495,2642.015,0.0507
1735819320000,2642.035,2642.108,2641.415,2641.634,0.04482
1735819380000,2641.664,2641.735,2641.414,2641.544,0.06099
1735819440000,2641.544,2641.554,2640.768,2641.024,0.05943
1735819500000,2641.024,2641.048,2640.605,2640.615,0.03495
1735819560000,2640.625,2641.114,2640.515,2641.034,0.05145
1735819620000,2641.014,2641.024,2640.268,2640.448,0.04233
1735819680000,2640.445,2640.564,2640.148,2640.208,0.0325
1735819740000,2640.198,2640.714,2640.164,2640.484,0.05757
1735819800000,2640.474,2640.754,2640.148,2640.494,0.04614
1735819860000,2640.495,2640.685,2640.348,2640.535,0.03352
1735819920000,2640.525,2640.655,2640.368,2640.554,0.04119
1735819980000,2640.585,2641.248,2640.545,2640.845,0.04662
1735820040000,2640.774,2640.914,2640.525,2640.848,0.02193
1735820100000,2640.748,2640.848,2640.348,2640.348,0.04593
1735820160000,2640.354,2640.948,2640.304,2640.748,0.04452
1735820220000,2640.748,2640.874,2640.638,2640.848,0.03075
1735820280000,2640.848,2641.448,2640.848,2641.248,0.03099
1735820340000,2641.248,2641.348,2640.898,2641.058,0.03864
1735820400000,2641.058,2641.348,2640.895,2641.005,0.03897
1735820460000,2640.995,2641.635,2640.905,2641.315,0.02292
1735820520000,2641.335,2641.615,2641.185,2641.205,0.01848
1735820580000,2641.195,2641.805,2641.185,2641.755,0.01533
1735820640000,2641.715,2641.965,2641.565,2641.935,0.02118
1735820700000,2641.945,2642.435,2641.945,2642.125,0.03183
1735820760000,2642.085,2642.235,2641.495,2641.535,0.02373
1735820820000,2641.555,2641.945,2641.465,2641.705,0.0204
1735820880000,2641.725,2642.595,2641.675,2642.475,0.0309
1735820940000,2642.485,2643.155,2642.335,2642.645,0.0291
1735821000000,2642.655,2642.835,2641.948,2642.465,0.03846
1735821060000,2642.448,2642.948,2642.448,2642.948,0.03594
1735821120000,2642.948,2644.048,2642.905,2643.855,0.02283
1735821180000,2643.915,2644.935,2643.665,2644.905,0.0489
1735821240000,2644.905,2645.065,2643.735,2643.745,0.04002
1735821300000,2643.745,2643.975,2643.265,2643.965,0.02694
1735821360000,2643.985,2645.098,2643.764,2644.628,0.07104
1735821420000,2644.624,2644.754,2644,2644,0.06192
1735821480000,2644,2644.065,2644,2644.005,0.017278
1735821540000,2644.075,2644.615,2644,2644.205,0.069317
1735821600000,2644.205,2644.235,2644,2644,0.03457
1735821660000,2644,2644,2643.128,2643.195,0.027012
1735821720000,2643.175,2643.734,2642.895,2643.544,0.08919
1735821780000,2643.535,2644.258,2643.428,2643.955,0.10196
1735821840000,2643.955,2644.165,2643.685,2643.975,0.15102
1735821900000,2643.975,2646.158,2643.975,2645.618,0.09057
1735821960000,2645.618,2646.265,2645.615,2646.225,0.03432
1735822020000,2646.098,2646.098,2645.335,2645.335,0.06369
1735822080000,2645.335,2645.565,2644.955,2645.535,0.04419
1735822140000,2645.555,2645.765,2645.315,2645.525,0.03063
1735822200000,2645.545,2645.555,2644.635,2644.665,0.03393
1735822260000,2644.675,2644.705,2644.185,2644.455,0.03516
1735822320000,2644.455,2645.005,2644.275,2644.945,0.03318
1735822380000,2644.985,2645.195,2644.565,2644.785,0.02208
1735822440000,2644.785,2645.305,2644.755,2645.195,0.02916
1735822500000,2645.165,2645.165,2644.035,2644.065,0.03285
1735822560000,2644.055,2644.145,2643.965,2644.055,0.0288
1735822620000,2644.055,2644.075,2643.275,2643.325,0.03501
1735822680000,2643.325,2643.515,2642.905,2642.965,0.0354
1735822740000,2642.925,2643.295,2642.675,2643.165,0.03453
1735822800000,2643.155,2643.155,2641.148,2641.715,0.13902
1735822860000,2641.695,2642.675,2640.785,2641.295,0.1725
1735822920000,2641.265,2641.595,2640.565,2641.508,0.15114
1735822980000,2641.455,2641.765,2641.048,2641.658,0.15444
1735823040000,2641.658,2641.975,2641.278,2641.645,0.13257
1735823100000,2641.565,2643.135,2641.538,2642.675,0.11469
1735823160000,2642.678,2643.105,2642.305,2642.585,0.07932
1735823220000,2642.578,2642.855,2642.025,2642.135,0.08559
1735823280000,2642.135,2642.135,2641.225,2641.655,0.09516
1735823340000,2641.635,2642.155,2641.595,2641.695,0.10572
1735823400000,2641.695,2642.284,2641.515,2641.515,0.10344
1735823460000,2641.515,2642.365,2641.515,2641.555,0.08829
1735823520000,2641.555,2641.555,2640.145,2640.175,0.13389
1735823580000,2640.145,2640.145,2638.205,2638.875,0.16749
1735823640000,2638.875,2639.455,2638.285,2638.375,0.12256
1735823700000,2638.485,2639.185,2638.155,2638.458,0.11961
1735823760000,2638.455,2638.724,2638.198,2638.715,0.07369
1735823820000,2638.685,2638.735,2638.025,2638.175,0.07791
1735823880000,2638.155,2638.385,2636.455,2636.755,0.08578
1735823940000,2636.715,2637.748,2636.648,2637.515,0.12341
1735824000000,2637.528,2637.528,2635.865,2636.495,0.14995
1735824060000,2636.415,2638.905,2636.415,2638.905,0.14148
1735824120000,2638.875,2639.198,2638.205,2638.475,0.11004
1735824180000,2638.415,2639.115,2638.298,2638.685,0.05895
1735824240000,2638.648,2638.695,2637.015,2637.515,0.15088
1735824300000,2637.464,2637.464,2636.625,2637.325,0.1558
1735824360000,2637.315,2637.415,2636.865,2637.048,0.09807
1735824420000,2637.105,2639.685,2637.055,2639.425,0.04616
1735824480000,2639.425,2640.298,2639.415,2640.298,0.02664
1735824540000,2640.245,2640.895,2640.245,2640.578,0.02364
1735824600000,2640.445,2640.445,2638.275,2638.335,0.04479
1735824660000,2638.325,2638.715,2637.285,2637.515,0.03564
1735824720000,2637.505,2640.295,2636.825,2640.295,0.05343
1735824780000,2640.298,2640.805,2639.665,2640.635,0.05007
1735824840000,2640.535,2640.855,2639.555,2640.085,0.08175
1735824900000,2640.045,2640.625,2638.965,2639.415,0.11217
1735824960000,2639.435,2639.648,2638.948,2639.448,0.08805
1735825020000,2639.414,2640.698,2639.325,2640.698,0.13761
1735825080000,2640.698,2640.905,2640.048,2640.475,0.09097
1735825140000,2640.495,2640.665,2638.885,2638.915,0.05964
1735825200000,2638.835,2639.475,2638.555,2639.135,0.10851
1735825260000,2639.135,2639.135,2638.465,2638.795,0.10119
1735825320000,2638.785,2639.045,2638.315,2638.495,0.1276
1735825380000,2638.505,2639.885,2638.505,2638.925,0.11174
1735825440000,2638.915,2639.635,2638.475,2638.935,0.11934
1735825500000,2638.915,2638.935,2637.975,2638.325,0.13479
1735825560000,2638.325,2639.355,2638.155,2639.075,0.13434
1735825620000,2639.075,2640.535,2638.825,2640.498,0.12099
1735825680000,2640.498,2641.525,2640.355,2641.525,0.06909
1735825740000,2641.555,2642.865,2641.498,2642.425,0.04788
1735825800000,2642.425,2644.055,2642.425,2643.975,0.07221
1735825860000,2643.995,2644.695,2643.415,2644.635,0.05956
1735825920000,2644.635,2644.885,2643.538,2644.315,0.1123
1735825980000,2644.295,2644.515,2643.665,2644.305,0.11796
1735826040000,2644.285,2645.405,2644.275,2645.205,0.11854
1735826100000,2645.205,2647.135,2645.185,2646.815,0.13851
1735826160000,2646.715,2647.085,2644.975,2644.975,0.12439
1735826220000,2644.975,2645.908,2644.585,2645.814,0.08248
1735826280000,2645.808,2646.044,2643.684,2643.684,0.08568
1735826340000,2643.688,2643.744,2642.644,2642.764,0.10992
1735826400000,2642.754,2644.848,2642.724,2643.595,0.06672
1735826460000,2643.595,2643.685,2640.445,2640.445,0.10452
1735826520000,2640.575,2642.575,2640.515,2641.764,0.15456
1735826580000,2641.795,2641.898,2640.135,2641.705,0.1552
1735826640000,2641.698,2641.925,2641.165,2641.388,0.09063
1735826700000,2641.364,2642.098,2641.295,2641.485,0.10368
1735826760000,2641.495,2641.955,2641.398,2641.585,0.10341
1735826820000,2641.585,2641.585,2640.298,2641.398,0.10831
1735826880000,2641.335,2641.335,2640.398,2641.148,0.08409
1735826940000,2641.148,2641.748,2640.775,2641.325,0.05715
1735827000000,2641.265,2642.948,2641.165,2642.748,0.03231
1735827060000,2642.685,2643.548,2642.685,2643.115,0.03306
1735827120000,2643.055,2644.445,2642.424,2644.325,0.05916
1735827180000,2644.325,2645.365,2643.315,2644.705,0.0771
1735827240000,2644.705,2646.795,2644.505,2646.775,0.06474
1735827300000,2646.775,2648.905,2646.685,2648.428,0.06096
1735827360000,2648.425,2648.918,2646.414,2646.994,0.19812
1735827420000,2647.098,2647.925,2646.348,2647.844,0.13029
1735827480000,2647.834,2647.834,2646.064,2646.124,0.11454
1735827540000,2646.084,2646.834,2646.068,2646.698,0.08262
1735827600000,2646.704,2647.784,2646.635,2647.694,0.11829
1735827660000,2647.694,2647.694,2646.424,2647.174,0.10839
1735827720000,2647.094,2647.515,2646.754,2647.215,0.099
1735827780000,2647.215,2647.395,2646.215,2646.765,0.08901
1735827840000,2646.705,2646.845,2646.065,2646.295,0.03369
1735827900000,2646.265,2647.265,2645.995,2647.155,0.04203
1735827960000,2647.155,2647.398,2647.075,2647.205,0.04332
1735828020000,2647.298,2647.398,2646.435,2647.215,0.03582
1735828080000,2647.225,2647.345,2646.335,2646.575,0.03987
1735828140000,2646.565,2646.665,2645.915,2646.095,0.07263
1735828200000,2646.165,2648.848,2646.105,2648.848,0.11127
1735828260000,2648.848,2649.985,2648.614,2648.665,0.11391
1735828320000,2648.665,2649.365,2648.344,2648.684,0.16565
1735828380000,2648.665,2649.198,2647.774,2648.935,0.17289
1735828440000,2648.925,2649.414,2648.365,2648.525,0.12897
1735828500000,2648.525,2649.505,2647.405,2647.805,0.07698
1735828560000,2647.805,2647.855,2646.855,2646.885,0.06573
1735828620000,2646.905,2647.948,2646.385,2647.648,0.06528
1735828680000,2647.615,2648.948,2647.615,2648.448,0.07749
1735828740000,2648.448,2649.048,2647.898,2647.998,0.07617
1735828800000,2647.885,2648.848,2647.298,2647.848,0.07944
1735828860000,2647.948,2649.148,2647.848,2649.148,0.05097
1735828920000,2649.148,2649.548,2648.348,2648.948,0.06462
1735828980000,2648.948,2649.148,2648.148,2648.948,0.04821
1735829040000,2648.915,2649.275,2648.648,2648.685,0.06675
1735829100000,2648.675,2649.748,2648.348,2648.735,0.04278
1735829160000,2648.898,2650.485,2648.885,2650.298,0.06495
1735829220000,2650.255,2650.975,2649.594,2650.614,0.1116
1735829280000,2650.614,2650.714,2648.298,2648.374,0.13053
1735829340000,2648.394,2648.955,2647.734,2648.148,0.13734
1735829400000,2648.148,2648.705,2647.585,2647.585,0.14118
1735829460000,2647.594,2647.935,2646.745,2647.248,0.15243
1735829520000,2647.255,2648.348,2647.095,2648.348,0.09333
1735829580000,2648.348,2649.048,2648.348,2648.648,0.05513
1735829640000,2648.648,2649.048,2648.375,2648.848,0.05883
1735829700000,2648.835,2649.165,2647.848,2648.048,0.07739
1735829760000,2648.048,2648.348,2647.448,2648.348,0.06953
1735829820000,2648.348,2648.648,2647.948,2648.148,0.05998
1735829880000,2648.148,2648.148,2647.315,2647.345,0.06442
1735829940000,2647.345,2647.545,2646.795,2647.485,0.06564
1735830000000,2647.304,2648.525,2647.248,2648.195,0.08463
1735830060000,2648.195,2648.415,2646.325,2646.855,0.09466
1735830120000,2646.885,2647.535,2646.125,2646.265,0.08961
1735830180000,2646.325,2646.655,2644.985,2645.445,0.10049
1735830240000,2645.515,2647.455,2645.185,2647.418,0.12169
1735830300000,2647.418,2648.765,2647.395,2648.398,0.07206
1735830360000,2648.445,2649.365,2648.305,2648.375,0.07366
1735830420000,2648.425,2648.715,2647.145,2648.495,0.06355
1735830480000,2648.495,2649.215,2648.295,2649.105,0.1001
1735830540000,2649.275,2649.415,2648.348,2648.445,0.16107
1735830600000,2648.498,2648.548,2646.355,2646.598,0.14182
1735830660000,2646.698,2647.195,2646.355,2646.735,0.11684
1735830720000,2646.735,2647.498,2646.675,2646.805,0.1447
1735830780000,2646.985,2648.998,2646.598,2648.605,0.07158
1735830840000,2648.565,2648.685,2648.048,2648.405,0.05355
1735830900000,2648.405,2649.165,2648.398,2648.485,0.06348
1735830960000,2648.465,2649.405,2648.465,2649.125,0.08598
1735831020000,2649.115,2649.395,2648.988,2649.195,0.07194
1735831080000,2649.225,2649.275,2647.798,2647.798,0.09455
1735831140000,2647.798,2648.498,2647.634,2648.398,0.04539
1735831200000,2648.375,2648.435,2647.915,2648.298,0.06411
1735831260000,2648.215,2648.248,2647.388,2648.168,0.06619
1735831320000,2648.175,2648.548,2647.715,2647.815,0.08391
1735831380000,2647.815,2648.965,2647.395,2648.885,0.0729
1735831440000,2648.875,2649.048,2648.565,2648.848,0.04716
1735831500000,2648.848,2649.105,2648.375,2648.665,0.05922
1735831560000,2648.665,2649.095,2648.205,2648.995,0.07806
1735831620000,2648.995,2649.455,2647.765,2647.995,0.1548
1735831680000,2647.995,2648.035,2647.485,2647.848,0.13467
1735831740000,2647.855,2648.745,2647.855,2648.615,0.09786
1735831800000,2648.645,2649.198,2648.205,2648.698,0.06678
1735831860000,2648.698,2649.815,2648.578,2649.725,0.12001
1735831920000,2649.735,2650.685,2649.555,2650.315,0.15354
1735831980000,2650.315,2650.948,2650.268,2650.825,0.1494
1735832040000,2650.805,2652.748,2650.698,2652.058,0.09477
1735832100000,2652.058,2652.248,2651.178,2652.088,0.11778
1735832160000,2652.058,2652.605,2651.675,2652.148,0.11472
1735832220000,2652.148,2653.348,2652.135,2653.254,0.12057
1735832280000,2653.225,2653.498,2652.975,2652.998,0.13248
1735832340000,2652.998,2653.514,2652.504,2652.504,0.09747
1735832400000,2652.504,2652.714,2651.534,2652.328,0.08541
1735832460000,2652.328,2652.328,2651.094,2651.598,0.0855
1735832520000,2651.598,2652.898,2651.498,2652.798,0.07794
1735832580000,2652.754,2653.314,2652.135,2652.448,0.07794
1735832640000,2652.375,2652.375,2651.684,2651.848,0.10605
1735832700000,2651.784,2652.648,2651.258,2652.648,0.07314
1735832760000,2652.548,2652.648,2652.198,2652.498,0.0717
1735832820000,2652.458,2652.798,2652.068,2652.498,0.07089
1735832880000,2652.498,2652.735,2652.128,2652.664,0.09201
1735832940000,2652.734,2653.995,2652.664,2653.955,0.09753
1735833000000,2654.005,2654.305,2653.548,2654.105,0.07425
1735833060000,2654.104,2654.498,2653.924,2654.145,0.0597
1735833120000,2654.125,2655.255,2653.644,2654.765,0.06534
1735833180000,2654.765,2655.035,2654.175,2654.855,0.0588
1735833240000,2654.855,2655.075,2654.425,2654.915,0.05232
1735833300000,2654.915,2655.464,2654.358,2655.035,0.07821
1735833360000,2655.015,2655.715,2654.848,2655.248,0.07494
1735833420000,2655.185,2655.205,2654.748,2654.865,0.05964
1735833480000,2654.848,2654.965,2654.035,2654.055,0.06621
1735833540000,2654.048,2654.048,2653.205,2653.948,0.12123
1735833600000,2653.904,2654.148,2652.614,2652.784,0.11677
1735833660000,2652.755,2652.965,2651.984,2652.748,0.10185
1735833720000,2652.748,2652.758,2650.648,2650.868,0.13728
1735833780000,2650.848,2651.148,2649.884,2650.595,0.11604
1735833840000,2650.574,2651.064,2649.794,2650.948,0.14964
1735833900000,2650.804,2651.748,2650.648,2650.948,0.12231
1735833960000,2650.948,2651.448,2650.348,2650.454,0.08883
1735834020000,2650.448,2650.764,2649.828,2649.995,0.10731
1735834080000,2649.995,2651.165,2649.995,2650.748,0.06249
1735834140000,2650.745,2652.555,2650.745,2652.555,0.07395
1735834200000,2652.524,2652.885,2652.058,2652.185,0.06531
1735834260000,2652.185,2653.605,2652.145,2653.575,0.06627
1735834320000,2653.485,2654.335,2653.154,2653.385,0.06363
1735834380000,2653.395,2654.045,2653.148,2653.955,0.0561
1735834440000,2654.015,2654.015,2653.348,2653.448,0.06729
1735834500000,2653.404,2653.848,2653.154,2653.765,0.08928
1735834560000,2653.755,2654.448,2653.414,2654.148,0.07839
1735834620000,2654.148,2655.048,2654.124,2654.798,0.07038
1735834680000,2654.798,2655.598,2654.698,2655.374,0.0756
1735834740000,2655.374,2655.948,2655.248,2655.948,0.07854
1735834800000,2656.048,2656.948,2655.348,2655.948,0.11559
1735834860000,2655.948,2656.784,2655.944,2656.448,0.11496
1735834920000,2656.444,2657.248,2656.234,2657.148,0.09
1735834980000,2657.115,2657.348,2656.618,2656.848,0.05891
1735835040000,2656.848,2657.715,2656.748,2657.448,0.06897
1735835100000,2657.404,2657.548,2656.748,2657.275,0.05409
1735835160000,2657.265,2657.295,2656.154,2656.848,0.06861
1735835220000,2656.848,2657.404,2656.648,2657.248,0.06567
1735835280000,2657.248,2657.848,2656.948,2657.148,0.09807
1735835340000,2657.148,2657.148,2656.448,2656.548,0.09021
1735835400000,2656.514,2656.848,2655.948,2656.154,0.04356
1735835460000,2656.174,2656.448,2655.954,2656.348,0.06345
1735835520000,2656.304,2656.448,2655.148,2655.248,0.07191
1735835580000,2655.204,2655.678,2654.648,2655.648,0.04188
1735835640000,2655.648,2656.105,2655.348,2655.898,0.04761
1735835700000,2655.898,2657.498,2655.734,2657.398,0.03867
1735835760000,2657.398,2657.448,2656.644,2657.348,0.03858
1735835820000,2657.348,2657.848,2657.148,2657.184,0.03714
1735835880000,2657.248,2657.564,2657.048,2657.548,0.0684
1735835940000,2657.548,2657.904,2657.394,2657.648,0.03492
